{
  "version": 1,
  "width": 80,
  "height": 25,
  "duration": 51.248887,
  "command": null,
  "title": null,
  "env": {
    "TERM": "xterm-256color",
    "SHELL": "/bin/bash"
  },
  "stdout": [
    [
      0.02081,
      "\u001b[?1034hbash-3.2$ "
    ],
    [
      8.327062,
      "s"
    ],
    [
      0.184841,
      "u"
    ],
    [
      0.0952,
      "d"
    ],
    [
      0.163091,
      "o"
    ],
    [
      0.356397,
      " "
    ],
    [
      0.471823,
      "d"
    ],
    [
      0.153188,
      "o"
    ],
    [
      0.074993,
      "c"
    ],
    [
      0.140356,
      "k"
    ],
    [
      0.088117,
      "e"
    ],
    [
      0.21234,
      "r"
    ],
    [
      1.312305,
      " "
    ],
    [
      0.490207,
      "b"
    ],
    [
      0.250076,
      "u"
    ],
    [
      0.20841,
      "i"
    ],
    [
      0.303777,
      "l"
    ],
    [
      0.281272,
      "d"
    ],
    [
      1.016832,
      " "
    ],
    [
      0.347503,
      "."
    ],
    [
      0.506096,
      " "
    ],
    [
      0.372195,
      "-"
    ],
    [
      0.481107,
      "t"
    ],
    [
      0.236584,
      " "
    ],
    [
      0.873741,
      "e"
    ],
    [
      0.475428,
      "x"
    ],
    [
      1.235285,
      "p"
    ],
    [
      0.136858,
      "a"
    ],
    [
      0.144111,
      "n"
    ],
    [
      0.373099,
      "s"
    ],
    [
      0.14393,
      "i"
    ],
    [
      0.092019,
      "o"
    ],
    [
      0.18007,
      "n"
    ],
    [
      0.400014,
      "h"
    ],
    [
      0.157905,
      "u"
    ],
    [
      0.155986,
      "n"
    ],
    [
      0.100014,
      "t"
    ],
    [
      0.12789,
      "e"
    ],
    [
      0.132154,
      "r"
    ],
    [
      1.768936,
      ":"
    ],
    [
      0.431011,
      "2"
    ],
    [
      0.343143,
      "."
    ],
    [
      0.500736,
      "5"
    ],
    [
      0.092046,
      "."
    ],
    [
      0.331951,
      "1"
    ],
    [
      1.730034,
      "-"
    ],
    [
      0.579041,
      "d"
    ],
    [
      0.103868,
      "e"
    ],
    [
      0.606943,
      "b"
    ],
    [
      0.497078,
      "\b\u001b[K"
    ],
    [
      0.127165,
      "b"
    ],
    [
      0.814803,
      "\b\u001b[K"
    ],
    [
      0.079781,
      "v"
    ],
    [
      0.855234,
      "\r\n"
    ],
    [
      0.04633,
      "Password:"
    ],
    [
      3.389711,
      "\r\n"
    ],
    [
      0.389268,
      "Sending build context to Docker daemon 3.072 kB\r\r\r\n"
    ],
    [
      0.118679,
      "Step 1/6 : FROM alpine:3.6\r\n"
    ],
    [
      0.000504,
      " ---> 665ffb03bfae\r\n"
    ],
    [
      6.2e-05,
      "Step 2/6 : RUN apk add --no-cache build-base boost boost-dev cmake gcc git zlib-dev zlib\r\n"
    ],
    [
      0.000568,
      " ---> Using cache\r\n"
    ],
    [
      0.000622,
      " ---> 003c49a993af\r\n"
    ],
    [
      0.000569,
      "Step 3/6 : RUN git clone https://github.com/Illumina/ExpansionHunter.git &&  cd ExpansionHunter &&  mkdir build && cd build && cmake .. && make  && mv ExpansionHunter /usr/bin/. && cd / && rm -rf ExpansionHunter\r\n"
    ],
    [
      0.000513,
      " ---> Using cache\r\n"
    ],
    [
      0.00063,
      " ---> 1ec4c4bf44fd\r\n"
    ],
    [
      0.000327,
      "Step 4/6 : RUN apk del build-base cmake gcc git zlib-dev\r\n"
    ],
    [
      0.00074,
      " ---> Using cache\r\n"
    ],
    [
      0.000612,
      " ---> d6e07da70442\r\n"
    ],
    [
      0.000468,
      "Step 5/6 : ENTRYPOINT ExpansionHunter\r\n"
    ],
    [
      0.000991,
      " ---> Using cache\r\n"
    ],
    [
      0.000482,
      " ---> d65b0b389a35\r\n"
    ],
    [
      0.000229,
      "Step 6/6 : CMD --help\r\n"
    ],
    [
      0.000678,
      " ---> Using cache\r\n"
    ],
    [
      0.000354,
      " ---> 48165724cb56\r\n"
    ],
    [
      0.032736,
      "Successfully built 48165724cb56\r\n"
    ],
    [
      0.011781,
      "bash-3.2$ "
    ],
    [
      3.11799,
      "s"
    ],
    [
      0.125734,
      "u"
    ],
    [
      0.084003,
      "d"
    ],
    [
      0.143782,
      "o"
    ],
    [
      0.280204,
      " "
    ],
    [
      0.690051,
      "d"
    ],
    [
      0.116041,
      "o"
    ],
    [
      0.147535,
      "c"
    ],
    [
      0.136085,
      "k"
    ],
    [
      0.100193,
      "e"
    ],
    [
      0.237103,
      "r"
    ],
    [
      2.874925,
      " "
    ],
    [
      0.50016,
      "r"
    ],
    [
      0.088824,
      "u"
    ],
    [
      0.133749,
      "n"
    ],
    [
      0.207122,
      " "
    ],
    [
      2.078971,
      "expansionhunter:2.5.1-dev"
    ],
    [
      2.442149,
      "\r\n"
    ],
    [
      0.691251,
      "Expansion Hunter v2.5.1\r\n"
    ],
    [
      0.001719,
      "Allowed options:\r\n  --help                                Print help message\r\n  --version                             Print version number\r\n  --bam arg           "
    ],
    [
      0.000452,
      "                  BAM file\r\n  --ref-fasta arg                       FASTA file with reference genome\r\n  --repeat-specs arg     "
    ],
    [
      0.001015,
      "               Directory with repeat-spec"
    ],
    [
      0.000353,
      "if"
    ],
    [
      0.000278,
      "ication "
    ],
    [
      0.000319,
      "\r\n                                        "
    ],
    [
      0.000308,
      "files"
    ],
    [
      0.000341,
      "\r\n  --vcf arg          "
    ],
    [
      0.000586,
      "                   Output VCF file\r\n  --json arg               "
    ],
    [
      0.00061,
      "             Output JSON file\r\n  --log arg               "
    ],
    [
      0.000376,
      "             "
    ],
    [
      0.000367,
      " Output read alignment file"
    ],
    [
      0.00047,
      "\r\n  --region-extension-length arg (=1000) How far from on/"
    ],
    [
      0.000326,
      "off-target"
    ],
    [
      0.000318,
      " regions to \r\n  "
    ],
    [
      0.000252,
      "    "
    ],
    [
      0.000326,
      "           "
    ],
    [
      0.000316,
      "        "
    ],
    [
      0.000328,
      "      "
    ],
    [
      0.000248,
      "     "
    ],
    [
      0.000331,
      "    sea"
    ],
    [
      0.000372,
      "rch for "
    ],
    [
      0.000526,
      "informativ"
    ],
    [
      0.000496,
      "e rea"
    ],
    [
      0.000451,
      "ds\r\n  --min-score arg (=0.90)               Minimum weighte"
    ],
    [
      0.000408,
      "d purity s"
    ],
    [
      0.000605,
      "core required"
    ],
    [
      0.00028,
      " \r\n                           "
    ],
    [
      0.000253,
      "            "
    ],
    [
      0.000257,
      " to flag"
    ],
    [
      0.000385,
      " a read as an in-repeat read; \r\n                                        must be between 0 and 1\r\n"
    ],
    [
      0.00026,
      "  --min-baseq arg (=20) "
    ],
    [
      0.000327,
      "             "
    ],
    [
      0.000366,
      "   "
    ],
    [
      0.000646,
      "Minimum quality of a high-confidence \r\n                 "
    ],
    [
      0.000348,
      "          "
    ],
    [
      0.00077,
      "  "
    ],
    [
      0.000145,
      "           base call\r\n  --min-anchor-mapq arg (=60)           Minimum MAPQ of a read anchor\r\n  --skip-unaligned                      Skip unaligned reads when searching for\r\n                                        IRRs\r\n  --read-depth arg (=calculated if not set)\r\n                                        Read depth\r\n  --sex arg (=female)                   Sex of the sample; must be either male \r\n                                        or female\r\n\r\n"
    ],
    [
      0.117966,
      "bash-3.2$ "
    ],
    [
      2.57476,
      "e"
    ],
    [
      0.148772,
      "x"
    ],
    [
      0.156236,
      "i"
    ],
    [
      0.150475,
      "t"
    ],
    [
      0.196283,
