{
  "command": null,
  "version": 1,
  "height": 26,
  "duration": 112.701606,
  "stdout": [
    [
      0.037478,
      "\u001b]0;maartenk@ubuntu: ~/docker/alpine/expansionhunter\u0007\u001b[01;32mmaartenk@ubuntu\u001b[00m:\u001b[01;34m~/docker/alpine/expansionhunter\u001b[00m$ "
    ],
    [
      2.79332,
      "p"
    ],
    [
      0.404543,
      "w"
    ],
    [
      0.297025,
      "d"
    ],
    [
      0.503942,
      "\r\n"
    ],
    [
      0.000678,
      "/home/maartenk/docker/alpine/expansionhunter"
    ],
    [
      6.6e-05,
      "\r\n"
    ],
    [
      0.001004,
      "\u001b]0;maartenk@ubuntu: ~/docker/alpine/expansionhunter\u0007\u001b[01;32mmaartenk@ubuntu\u001b[00m:\u001b[01;34m~/docker/alpine/expansionhunter\u001b[00m$ "
    ],
    [
      2.534936,
      "d"
    ],
    [
      0.088175,
      "a"
    ],
    [
      0.191813,
      "t"
    ],
    [
      0.119881,
      "e"
    ],
    [
      0.240045,
      "\r\n"
    ],
    [
      0.002091,
      "Thu Jun 22 14:51:11 CEST 2017"
    ],
    [
      0.000455,
      "\r\n"
    ],
    [
      0.001031,
      "\u001b]0;maartenk@ubuntu: ~/docker/alpine/expansionhunter\u0007\u001b[01;32mmaartenk@ubuntu\u001b[00m:\u001b[01;34m~/docker/alpine/expansionhunter\u001b[00m$ "
    ],
    [
      2.146284,
      "l"
    ],
    [
      0.084095,
      "s"
    ],
    [
      0.166803,
      " "
    ],
    [
      0.182434,
      "-"
    ],
    [
      0.235369,
      "l"
    ],
    [
      0.096092,
      "a"
    ],
    [
      0.280777,
      "h"
    ],
    [
      0.198489,
      "\r\n"
    ],
    [
      0.002014,
      "total 728M"
    ],
    [
      0.000363,
      "\r\n"
    ],
    [
      0.000379,
      "drwxr-xr-x 2 maartenk maartenk 4.0K Jun 22 13:50 \u001b[0m\u001b[01;34m.\u001b[0m"
    ],
    [
      0.000291,
      "\r\n"
    ],
    [
      0.000268,
      "drwxrwxr-x 3 maartenk maartenk 4.0K Jun 22 14:51 \u001b[01;34m..\u001b[0m"
    ],
    [
      0.000109,
      "\r\n"
    ],
    [
      0.000154,
      "-rw-r--r-- 1 maartenk maartenk  389 Jun 22 11:38 Dockerfile"
    ],
    [
      0.000197,
      "\r\n"
    ],
    [
      0.000234,
      "-rwxr-xr-x 1 root     root     728M Jun 22 13:33 \u001b[01;32mexpansionhunter.img\u001b[0m"
    ],
    [
      0.000237,
      "\r\n"
    ],
    [
      0.000791,
      "\u001b]0;maartenk@ubuntu: ~/docker/alpine/expansionhunter\u0007\u001b[01;32mmaartenk@ubuntu\u001b[00m:\u001b[01;34m~/docker/alpine/expansionhunter\u001b[00m$ "
    ],
    [
      3.063775,
      "l"
    ],
    [
      0.075972,
      "s"
    ],
    [
      0.173746,
      " "
    ],
    [
      0.168271,
      "/"
    ],
    [
      0.315025,
      "t"
    ],
    [
      0.163728,
      "m"
    ],
    [
      0.217028,
      "p"
    ],
    [
      0.973403,
      "\r\n"
    ],
    [
      0.001536,
      "\u001b[0m\u001b[01;34mbla\u001b[0m  early_wine.err.txt  \u001b[01;34mfirefox_maartenk\u001b[0m"
    ],
    [
      0.000291,
      "\r\n"
    ],
    [
      0.00124,
      "\u001b]0;maartenk@ubuntu: ~/docker/alpine/expansionhunter\u0007\u001b[01;32mmaartenk@ubuntu\u001b[00m:\u001b[01;34m~/docker/alpine/expansionhunter\u001b[00m$ "
    ],
    [
      2.267613,
      "i"
    ],
    [
      0.075809,
      "d"
    ],
    [
      0.562984,
      "\r\n"
    ],
    [
      0.0029,
      "uid=1000(maartenk) gid=1000(maartenk) groups=1000(maartenk),4(adm),24(cdrom),27(sudo),30(dip),46(plugdev),111(lxd),115(lpadmin),116(sambashare),119(docker)"
    ],
    [
      0.000382,
      "\r\n"
    ],
    [
      0.000897,
      "\u001b]0;maartenk@ubuntu: ~/docker/alpine/expansionhunter\u0007\u001b[01;32mmaartenk@ubuntu\u001b[00m:\u001b[01;34m~/docker/alpine/expansionhunter\u001b[00m$ "
    ],
    [
      1.326756,
      "s"
    ],
    [
      0.123877,
      "i"
    ],
    [
      0.300026,
      "n"
    ],
    [
      0.11002,
      "gularity "
    ],
    [
      1.066923,
      "s"
    ],
    [
      0.216611,
      "h"
    ],
    [
      0.125289,
      "e"
    ],
    [
      0.407851,
      "\u0007"
    ],
    [
      0.190686,
      "\u0007"
    ],
    [
      0.279474,
      "l"
    ],
    [
      0.15796,
      "l"
    ],
    [
      0.150886,
      "\u0007"
    ],
    [
      0.403613,
      " "
    ],
    [
      1.148517,
      "e"
    ],
    [
      0.141163,
      "xpansionhunter.img "
    ],
    [
      0.882479,
      "\r\n"
    ],
    [
      0.025507,
      "Singularity: Invoking an interactive shell within container..."
    ],
    [
      6.2e-05,
      "\r\n"
    ],
    [
      0.001016,
      "\r\n"
    ],
    [
      0.000406,
      "\u001b[0m"
    ],
    [
      0.002542,
      "ERROR: Shell does not exist in container: /bin/bash"
    ],
    [
      0.000367,
      "\r\n"
    ],
    [
      0.000191,
      "ERROR: Using /bin/sh instead..."
    ],
    [
      3e-05,
      "\r\n"
    ],
    [
      0.000716,
      "Singularity.expansionhunter.img> ~/docker/alpine/expansionhunter $ \u001b[6n"
    ],
    [
      3.432518,
      "p"
    ],
    [
      0.123573,
      "w"
    ],
    [
      0.50071,
      "d"
    ],
    [
      0.313407,
      "\r\n"
    ],
    [
      0.000903,
      "/home/maartenk/docker/alpine/expansionhunter"
    ],
    [
      0.000412,
      "\r\n"
    ],
    [
      0.001345,
      "Singularity.expansionhunter.img> ~/docker/alpine/expansionhunter $ \u001b[6n"
    ],
    [
      3.363704,
      "d"
    ],
    [
      0.108316,
      "a"
    ],
    [
      0.226081,
      "t"
    ],
    [
      0.159989,
      "e"
    ],
    [
      0.240932,
      "\r\n"
    ],
    [
      0.001734,
      "Thu Jun 22 14:51:38 CEST 2017"
    ],
    [
      0.000157,
      "\r\n"
    ],
    [
      0.000533,
      "Singularity.expansionhunter.img> ~/docker/alpine/expansionhunter $ \u001b[6n"
    ],
    [
      4.808367,
      "l"
    ],
    [
      0.08067,
      "s"
    ],
    [
      0.140823,
      " "
    ],
    [
      0.182305,
      "-"
    ],
    [
      0.1981,
      "l"
    ],
    [
      0.146027,
      "a"
    ],
    [
      0.44975,
      "h"
    ],
    [
      0.212869,
      "\r\n"
    ],
    [
      0.000751,
      "total 744468"
    ],
    [
      0.000284,
      "\r\n"
    ],
    [
      0.00036,
      "drwxr-xr-x    2 maartenk maartenk    4.0K Jun 22 13:50 \u001b[1;34m.\u001b[0m"
    ],
    [
      0.000223,
      "\r\n"
    ],
    [
      0.000229,
      "drwxrwxr-x    3 maartenk maartenk    4.0K Jun 22 14:51 \u001b[1;34m..\u001b[0m"
    ],
    [
      0.000166,
      "\r\n"
    ],
    [
      0.00024,
      "-rw-r--r--    1 maartenk maartenk     389 Jun 22 11:38 \u001b[0;0mDockerfile\u001b[0m"
    ],
    [
      0.000235,
      "\r\n"
    ],
    [
      0.000418,
      "-rwxr-xr-x    1 root     root      727.0M Jun 22 13:33 \u001b[1;32mexpansionhunter.img\u001b[0m"
    ],
    [
      0.000157,
      "\r\n"
    ],
    [
      0.000478,
      "Singularity.expansionhunter.img> ~/docker/alpine/expansionhunter $ \u001b[6n"
    ],
    [
      7.347133,
      "l"
    ],
    [
      0.063102,
      "s"
    ],
    [
      0.425793,
      " "
    ],
    [
      0.287086,
      "/"
    ],
    [
      1.016097,
      "t"
    ],
    [
      0.104018,
      "m"
    ],
    [
      0.262721,
      "o"
    ],
    [
      0.882048,
      "\b\u001b[J"
    ],
    [
      0.357908,
      "p"
    ],
    [
      0.350352,
      "\r\n"
    ],
    [
      0.00105,
      "\u001b[1;34mbla\u001b[0m                 \u001b[0;0mearly_wine.err.txt\u001b[0m  \u001b[1;34mfirefox_maartenk\u001b[0m"
    ],
    [
      0.000499,
      "\r\n"
    ],
    [
      0.000664,
      "Singularity.expansionhunter.img> ~/docker/alpine/expansionhunter $ \u001b[6n"
    ],
    [
      2.654058,
      "d"
    ],
    [
      0.455419,
      "\b\u001b[J"
    ],
    [
      0.471577,
      "i"
    ],
    [
      0.10946,
      "d"
    ],
    [
      0.237863,
      "\r\n"
    ],
    [
      0.001768,
