{
  "version": 1,
  "width": 80,
  "height": 25,
  "duration": 11.367353,
  "command": null,
  "title": null,
  "env": {
    "TERM": "xterm-256color",
    "SHELL": "/bin/bash"
  },
  "stdout": [
    [
      0.02561,
      "\u001b[?1034hbash-3.2$ "
    ],
    [
      1.392871,
      "1"
    ],
    [
      0.142415,
      "\r\n"
    ],
    [
      0.010824,
      "bash: 1: command not found\r\n"
    ],
    [
      0.001938,
      "bash-3.2$ "
    ],
    [
      0.591448,
      "2"
    ],
    [
      0.173054,
      "\r\n"
    ],
    [
      0.002088,
      "bash: 2: command not found\r\n"
    ],
    [
      0.00197,
      "bash-3.2$ "
    ],
    [
      0.376607,
      "3"
    ],
    [
      0.150444,
      "\r\n"
    ],
    [
      0.002334,
      "bash: 3: command not found\r\n"
    ],
    [
      0.008436,
      "bash-3.2$ "
    ],
    [
      0.327762,
      "4"
    ],
    [
      0.173706,
      "\r\n"
    ],
    [
      0.002409,
      "bash: 4: command not found\r\n"
    ],
    [
      0.008617,
      "bash-3.2$ "
    ],
    [
      0.223915,
      "5"
    ],
    [
      0.131192,
      "\r\n"
    ],
    [
      0.002571,
      "bash: 5: command not found\r\n"
    ],
    [
      0.008535,
      "bash-3.2$ "
    ],
    [
      0.251308,
      "6"
    ],
    [
      0.162873,
      "\r\n"
    ],
    [
      0.002004,
      "bash: 6: command not found\r\n"
    ],
    [
      0.009553,
      "bash-3.2$ "
    ],
    [
      0.285057,
      "7"
    ],
    [
      0.167466,
      "\r\n"
    ],
    [
      0.002227,
      "bash: 7: command not found\r\n"
    ],
    [
      0.009577,
      "bash-3.2$ "
    ],
    [
      0.172191,
      "7"
    ],
    [
      1.181005,
      "\b\u001b[K"
    ],
    [
      0.590016,
      "8"
    ],
    [
      0.142044,
      "\r\n"
    ],
    [
      0.002276,
      "bash: 8: command not found\r\n"
    ],
    [
      0.009281,
      "bash-3.2$ "
    ],
    [
      0.553386,
      "e"
    ],
    [
      0.184882,
      "c"
    ],
    [
      0.165,
      "n"
    ],
    [
      0.437032,
      "\b\u001b[K"
    ],
    [
      0.160075,
      "\b\u001b[K"
    ],
    [
      0.320017,
      "n"
    ],
    [
      0.127991,
      "c"
    ],
    [
      0.602804,
      "\b\u001b[K"
    ],
    [
      0.083976,
      "v"
    ],
    [
      0.537369,
      "\r\n"
    ],
    [
      0.01182,
      "TERM_PROGRAM=iTerm.app\r\nGPG_AGENT_INFO=/private/tmp/com.apple.launchd.s2jv9hlCp3/Listeners_agent\r\nSHELL=/bin/bash\r\nTERM=xterm-256color\r\nTMPDIR=/var/folders/2s/fv52x83567s8v1mrm7b52dzm0000gp/T/\r\nApple_PubSub_Socket_Render=/private/tmp/com.apple.launchd.rGHHI6seiJ/Render\r\n__PYVENV_LAUNCHER__=/usr/local/Cellar/python3/3.6.0_1/bin/python3.6\r\nTERM_PROGRAM_VERSION=3.0.15\r\nTERM_SESSION_ID=w2t0p0:DB394C95-1034-48DB-A3CE-3C9C4008FC9D\r\nLC_ALL=en_US.UTF-8\r\nCDPATH=.:~:/Users/maartenk/SURFdrive/Documents\r\nUSER=maartenk\r\nASCIINEMA_REC=1\r\nSSH_AUTH_SOCK=/private/tmp/com.apple.launchd.Cb97035ivR/Listeners\r\n__CF_USER_TEXT_ENCODING=0x1F6:0x0:0x0\r\nPATH=/opt/local/bin:/opt/local/sbin:/Users/maartenk/miniconda3/bin:/Library/Frameworks/Python.framework/Versions/2.7/bin:/Users/maartenk/google-cloud-sdk/bin:/usr/local/sbin:/usr/local/bin:/usr/bin:/bin:/usr/sbin:/sbin:/opt/X11/bin:/usr/local/MacGPG2/bin:/Library/TeX/texbin\r\nPWD=/Users/maartenk\r\nDBUS_LAUNCHD_SESSION_BUS_SOCKET=/private/tmp/com.apple.launchd.ImTqWyGptb/unix_domain_liste"
    ],
    [
      7.3e-05,
      "ner\r\nLANG=en_US.UTF-8\r\nITERM_PROFILE=Default\r\nXPC_FLAGS=0x0\r\nFS_TRASHER_SOCKET=/private/tmp/com.apple.launchd.q2RBsyrLwW/ListeningSocket\r\nXPC_SERVICE_NAME=0\r\nCOLORFGBG=7;0\r\nHOME=/Users/maartenk\r\nSHLVL=3\r\nITERM_SESSION_ID=w2t0p0:DB394C95-1034-48DB-A3CE-3C9C4008FC9D\r\nPYTHONPATH=/usr/local/Cellar/asciinema/1.3.0_1/libexec/lib/python3.6/site-packages\r\nLOGNAME=maartenk\r\nLC_CTYPE=UTF-8\r\nPROMPT_COMMAND=history -a; history -c; history -r; \r\nDISPLAY=/private/tmp/com.apple.launchd.nMJW4jewvg/org.macosforge.xquartz:0\r\n_=/usr/bin/env\r\n"
    ],
    [
      0.001293,
      "bash-3.2$ "
    ],
    [
      0.784391,
      "e"
    ],
    [
      0.164259,
      "x"
    ],
    [
      0.099537,
      "i"
    ],
    [
      0.191418,
      "t"
    ],
    [
      0.193915,
      "\r\n"
    ]
  ]
}